-- phpMyAdmin SQL Dump
-- version 4.7.4
-- https://www.phpmyadmin.net/
--
-- Host: 127.0.0.1
-- Generation Time: Nov 02, 2018 at 08:31 PM
-- Server version: 10.1.28-MariaDB
-- PHP Version: 7.1.11

SET SQL_MODE = "NO_AUTO_VALUE_ON_ZERO";
SET AUTOCOMMIT = 0;
START TRANSACTION;
SET time_zone = "+00:00";


/*!40101 SET @OLD_CHARACTER_SET_CLIENT=@@CHARACTER_SET_CLIENT */;
/*!40101 SET @OLD_CHARACTER_SET_RESULTS=@@CHARACTER_SET_RESULTS */;
/*!40101 SET @OLD_COLLATION_CONNECTION=@@COLLATION_CONNECTION */;
/*!40101 SET NAMES utf8mb4 */;

--
-- Database: `dentist`
--

-- --------------------------------------------------------

--
-- Table structure for table `den_customers`
--

CREATE TABLE `den_customers` (
  `id` int(10) UNSIGNED NOT NULL,
  `name` varchar(255) COLLATE utf8_unicode_ci NOT NULL,
  `dob` timestamp NULL DEFAULT CURRENT_TIMESTAMP ON UPDATE CURRENT_TIMESTAMP,
  `description` text COLLATE utf8_unicode_ci,
  `phone` varchar(255) COLLATE utf8_unicode_ci DEFAULT NULL,
  `address` text COLLATE utf8_unicode_ci,
  `is_deleted` int(10) UNSIGNED DEFAULT '0',
  `image` varchar(255) COLLATE utf8_unicode_ci DEFAULT NULL,
  `created_at` timestamp NULL DEFAULT NULL,
  `updated_at` timestamp NULL DEFAULT NULL
) ENGINE=InnoDB DEFAULT CHARSET=utf8 COLLATE=utf8_unicode_ci;

--
-- Dumping data for table `den_customers`
--

INSERT INTO `den_customers` (`id`, `name`, `dob`, `description`, `phone`, `address`, `is_deleted`, `image`, `created_at`, `updated_at`) VALUES
(1, 'Maza (Abou maher zeineddin)', '0000-00-00 00:00:00', '', '81258613', '', 0, '', '2016-11-13 15:43:56', '2016-11-13 15:46:06'),
(2, 'KHADIJA EZZEDIN', '2016-11-14 20:59:38', '', '03475287', '', 0, '', '2016-11-14 18:59:38', '2016-11-14 18:59:38'),
(3, 'zinach maher zeineddin', '2016-11-22 11:37:44', 'normal health', '03942375', '', 0, '', '2016-11-19 10:04:57', '2016-11-22 09:37:44'),
(4, 'mariam nasreddin', '2016-11-19 12:59:46', 'allergie a la penicillinne', '71640634', '', 0, '', '2016-11-19 10:59:46', '2016-11-19 10:59:46'),
(5, 'Ali mhamad abed ali khalil', '0000-00-00 00:00:00', 'normal health', '79123396', '', 0, '', '2016-11-22 09:41:41', '2016-11-22 14:00:25'),
(6, 'mostafa hsein salmen', '0000-00-00 00:00:00', 'normal health', '76909398', '', 0, '', '2016-11-23 13:41:18', '2016-11-23 13:41:18'),
(7, 'ali hsein salmen', '0000-00-00 00:00:00', 'normal health', '76067144', '', 0, '', '2016-11-23 14:29:34', '2016-11-23 14:29:34'),
(8, 'Ali ahmad sabra', '0000-00-00 00:00:00', 'normal health', '70828557', 'chiah maroon mesek', 0, '', '2016-11-26 06:11:32', '2016-11-26 06:11:32'),
(9, 'nadin mallah', '0000-00-00 00:00:00', 'allergie cause inconnue', '70832421', '', 0, '', '2016-11-26 09:04:58', '2016-11-26 09:04:58'),
(10, 'hsein youssef chebli', '0000-00-00 00:00:00', 'sante normal', '71316398', '', 0, '', '2017-01-14 16:35:07', '2017-01-14 16:35:07'),
(11, 'Farah Kheireddin', '1994-12-20 22:00:00', '', '70632797', '', 0, '', '2017-05-24 16:46:25', '2017-05-25 05:49:15'),
(12, 'diana shamas', '1989-06-30 22:00:00', 'sante normal', '76477048', 'shwafet', 0, '', '2017-05-25 14:07:47', '2017-05-25 14:07:47'),
(13, 'hsein kanj', '2000-12-21 22:00:00', 'nargile 1 fois/j', '71556290', 'shiah', 0, '', '2017-06-08 17:50:59', '2017-06-08 17:50:59'),
(14, 'fatima ounaysi', '1983-10-23 22:00:00', 'dolormin pour migrain en cas de douleur', '70959584', 'kafaat', 0, '', '2017-06-28 12:22:28', '2017-06-28 12:22:28'),
(15, 'Lara Shamas', '1993-04-04 22:00:00', 'sante general normale', '79130315', 'Shwayfet', 0, '', '2017-07-19 14:03:55', '2017-07-19 14:03:55'),
(16, 'Ali mhamad Haidar', '2009-02-16 22:00:00', 'sante normal', '03998650', '', 0, '', '2017-08-09 16:09:35', '2017-08-09 16:09:35'),
(17, 'Bahaa Sayegh', '1986-08-17 22:00:00', 'sante normal', '71682998', 'Msharafye', 0, '', '2017-08-10 08:51:21', '2017-08-10 08:51:21'),
(18, 'Jawad mhamad Haidar', '2004-12-12 22:00:00', 'asthmatique', '03998650', '', 0, '', '2017-08-14 16:03:35', '2017-08-14 16:03:35'),
(19, 'Hsein Rammal', '1999-11-14 22:00:00', 'sante normale', '76972638', '', 0, '', '2017-08-15 09:10:26', '2017-08-15 09:10:26'),
(20, 'Batoul Awad', '2017-09-30 11:31:52', 'sante normale', '76871160', 'borj l barajne', 0, '', '2017-09-30 08:31:52', '2017-09-30 08:31:52'),
(21, 'ahmad najib fnesh', '1996-10-06 22:00:00', 'sante normale', '76973843', 'shiah', 0, '', '2017-10-02 13:21:32', '2017-10-02 13:21:32'),
(22, 'Ali Kamel Shalhoub', '2006-06-21 22:00:00', 'sante normale', '70093423', 'shwayfet', 0, '', '2017-10-03 08:36:48', '2017-10-03 08:36:48'),
(23, 'Jana Jamil Kanj', '1996-11-03 22:00:00', 'sante normale', '70824124', 'Shyah', 0, '', '2017-10-13 14:19:26', '2017-10-13 14:19:26'),
(24, 'Liza mrad', '1999-11-07 22:00:00', 'sante normale', '78935589', 'Shwayfet', 0, '', '2017-10-21 06:40:19', '2017-10-21 06:40:19'),
(25, 'Dina Hasssan Ballout', '2000-05-16 22:00:00', 'sante normmale', '03034275', 'jneh', 0, '', '2017-10-21 14:46:32', '2017-10-21 14:46:32'),
(26, 'Fadwa Mahmoud Badran', '1971-02-19 22:00:00', 'sante normal', '70694701', 'Ghobeireh', 0, '', '2017-11-11 07:20:47', '2017-11-11 07:20:47'),
(27, 'Mhamad hsein Chit', '1995-01-03 22:00:00', 'sante normale', '78834332', 'haret hreik', 0, '', '2017-11-13 14:58:45', '2017-11-13 14:58:45'),
(28, 'Elvira Hassan Karout', '1987-05-29 22:00:00', 'sante normale', '03662073', 'haret hreik', 0, '', '2018-01-06 13:06:37', '2018-01-06 13:06:37'),
(29, 'Abed Ghazi Ayash', '1990-09-30 22:00:00', 'sante normal', '03691647', 'tarik el matar', 0, '', '2018-01-13 09:23:10', '2018-01-13 09:23:10'),
(30, 'mhamad ahmad harkous', '1993-08-15 22:00:00', 'sante normal', '76847127', 'hadath', 0, '', '2018-01-13 11:43:06', '2018-01-13 11:43:06'),
(31, 'sami chkeir', '1991-04-25 22:00:00', 'sante normale respiration buccale', '71721935', 'jbeil', 0, '', '2018-03-06 17:51:00', '2018-03-06 17:51:00'),
(32, 'mhamad hassan fakhreddin', '1990-10-02 22:00:00', 'sante normale', '03758895', 'haret hreik', 0, '', '2018-03-07 16:15:52', '2018-03-07 16:15:52'),
(33, 'mhamad hsein fakih', '1992-09-08 23:00:00', 'sante normale', '03007920', 'Rwes', 0, '', '2018-03-29 16:07:45', '2018-03-29 16:07:45'),
(34, 'Zeinab hassan Hmede', '1992-07-04 23:00:00', 'souffle cardiaque depuis la naissance mais il est fermé (la patiente est normale)', '03955851', 'berj el brajne', 0, '', '2018-03-31 15:57:43', '2018-03-31 15:57:43'),
(35, 'farah dib alawye', '1995-09-05 23:00:00', 'sante normale', '03551674', 'al gamous', 0, '', '2018-04-05 14:53:05', '2018-04-05 14:53:05'),
(36, 'wiam adib kheireddin', '1990-07-25 23:00:00', 'appendicectomie', '79175857', 'sfeir', 0, '', '2018-04-19 08:26:46', '2018-04-19 08:26:46'),
(37, 'Hoda Cheikh Ali', '1994-04-15 23:00:00', 'Sante normale', '71168236', 'Ansar', 0, '', '2018-04-23 19:01:10', '2018-04-23 19:01:10'),
(38, 'Sama Fadi khalife', '2006-03-20 22:00:00', 'sante normale', '70841558', 'sfeir', 0, '', '2018-05-12 08:25:59', '2018-05-12 08:25:59'),
(39, 'Mairie Abdallah(family house)', '1986-01-27 22:00:00', 'sante normale', '71342851', 'bir el abed', 0, '', '2018-05-26 08:11:14', '2018-05-26 08:11:14'),
(40, 'Zeinab Yasser Awada', '1996-11-21 22:00:00', 'Sante normale', '70707998', 'Aitaroun', 0, '', '2018-05-30 16:12:16', '2018-05-30 16:12:16'),
(41, 'Issam hsein Rhayil', '1976-03-12 22:00:00', '', '71141757', 'Shayah', 0, '', '2018-05-30 21:02:28', '2018-05-30 21:02:28'),
(42, 'Walid mhamad abdellatif', '0000-00-00 00:00:00', 'sante normal', '03957088', 'Haret hreik', 0, '', '2018-07-04 10:26:21', '2018-07-04 10:26:21'),
(43, 'doaa abou hamdan', NULL, 'sante normale', '76071216', 'saint therese', 0, NULL, '2018-08-17 15:07:09', '2018-08-17 15:16:09'),
(44, 'shames ali kheireddin', '0000-00-00 00:00:00', NULL, '81766144', 'shiah', 0, NULL, '2018-08-24 08:25:38', '2018-08-24 08:25:38'),
(45, 'israa rhayel', '1984-05-09 22:00:00', 'sante normale', '70774718', 'usa', 0, NULL, '2018-08-28 07:10:14', '2018-08-28 07:10:14'),
(46, 'hsein khalil ismail', '1983-08-31 22:00:00', 'varice \nreflux gastrique\nfumeur', '78935155', 'haret hreik', 0, NULL, '2018-08-31 15:33:00', '2018-08-31 15:33:00'),
(47, 'doaa hassan jaffal', '1995-03-02 22:00:00', 'sante normale', '78854062', 'saint therese', 0, NULL, '2018-09-04 15:43:54', '2018-09-04 15:43:54'),
(48, 'tarek saiidi', '1993-04-12 22:00:00', 'a revoir', '81685577', 'haret hreik', 0, NULL, '2018-09-05 07:33:57', '2018-09-05 07:33:57'),
(49, 'hassan mokdad', '1970-09-24 22:00:00', 'a revoir', '03291032', 'bir el abed', 0, NULL, '2018-09-05 07:47:16', '2018-09-05 07:47:16'),
(50, 'laura kamal attar', '1997-05-19 22:00:00', 'traitement anti stress (deanxit)\nrespiration buccale', '71122036', 'hay madi', 0, NULL, '2018-09-18 08:30:12', '2018-09-18 08:30:12'),
(51, 'ali hsein fakih', '1987-06-29 22:00:00', 'sante normale', '03068959', 'haret hreik', 0, NULL, '2018-09-19 10:54:58', '2018-09-19 10:54:58'),
(52, 'malak dib alawye', '1986-05-06 22:00:00', 'vegner desease \nemural \ndeloxitin', '03032100', 'jamous', 0, NULL, '2018-09-30 10:34:23', '2018-09-30 10:34:23'),
(53, 'asia', '2018-10-20 10:34:50', 'sante', '46466', 'gt', 1, NULL, '2018-10-20 08:33:43', '2018-10-20 08:34:50'),
(54, 'mahmoud mhamad daou', '1997-03-24 22:00:00', 'sante normale', '70649567', 'Jamous', 0, NULL, '2018-10-29 15:15:11', '2018-10-29 15:15:11');

-- --------------------------------------------------------

--
-- Table structure for table `den_schedule`
--

CREATE TABLE `den_schedule` (
  `id` int(10) UNSIGNED NOT NULL,
  `customer_id` int(10) UNSIGNED DEFAULT NULL,
  `schedule_date` timestamp NULL DEFAULT NULL,
  `end_date` timestamp NULL DEFAULT NULL,
  `note` text COLLATE utf8_unicode_ci NOT NULL,
  `created_at` timestamp NULL DEFAULT CURRENT_TIMESTAMP,
  `updated_at` timestamp NULL DEFAULT '0000-00-00 00:00:00'
) ENGINE=InnoDB DEFAULT CHARSET=utf8 COLLATE=utf8_unicode_ci;

--
-- Dumping data for table `den_schedule`
--

INSERT INTO `den_schedule` (`id`, `customer_id`, `schedule_date`, `end_date`, `note`, `created_at`, `updated_at`) VALUES
(1, 11, '2017-05-27 08:00:00', '2017-05-27 09:00:00', 'detartrage', '2017-05-24 16:47:57', '2017-05-25 05:54:05'),
(3, 31, '2018-03-13 19:00:00', '2018-03-13 19:30:00', 'continuer le detartrage', '2018-03-06 18:08:38', '2018-03-06 18:08:38');

-- --------------------------------------------------------

--
-- Table structure for table `den_visit`
--

CREATE TABLE `den_visit` (
  `id` int(10) UNSIGNED NOT NULL,
  `customer_id` int(10) UNSIGNED DEFAULT NULL,
  `code` varchar(255) COLLATE utf8_unicode_ci NOT NULL,
  `status` int(11) NOT NULL DEFAULT '0',
  `total` double NOT NULL,
  `date_visit` timestamp NOT NULL DEFAULT CURRENT_TIMESTAMP ON UPDATE CURRENT_TIMESTAMP,
  `note` text COLLATE utf8_unicode_ci,
  `is_deleted` int(11) DEFAULT '0',
  `created_at` timestamp NULL DEFAULT NULL,
  `updated_at` timestamp NULL DEFAULT NULL
) ENGINE=InnoDB DEFAULT CHARSET=utf8 COLLATE=utf8_unicode_ci;

--
-- Dumping data for table `den_visit`
--

INSERT INTO `den_visit` (`id`, `customer_id`, `code`, `status`, `total`, `date_visit`, `note`, `is_deleted`, `created_at`, `updated_at`) VALUES
(71, 1, '1', 0, 450000, '2016-12-31 15:31:33', 'finishing of restoration', 0, '2016-11-19 07:19:29', '2016-12-31 13:31:33'),
(72, 3, '4', 0, 30000, '2016-11-19 12:00:00', 'extraction de la 28', 0, '2016-11-19 10:08:17', '2016-11-19 10:08:17'),
(73, 4, '4', 0, 0, '2016-11-19 13:05:00', 'extraction de la 14 racine', 0, '2016-11-19 11:01:35', '2016-11-19 11:01:35'),
(74, 1, '2', 0, 0, '2016-11-22 09:35:00', 'taille de la 17', 0, '2016-11-22 09:38:52', '2016-11-22 09:38:52'),
(75, 5, '5', 0, 0, '2016-11-22 08:00:00', 'restauration cl 4 de la 11', 0, '2016-11-22 09:42:45', '2016-11-22 09:42:45'),
(76, 6, '6', 0, 0, '2016-11-23 15:00:00', 'restauration composite de toute la dent 11 12', 0, '2016-11-23 13:42:43', '2016-11-23 13:42:43'),
(77, 7, '7', 0, 0, '2016-11-23 14:29:00', 'restauration cl5 sur la 14', 0, '2016-11-23 14:30:28', '2016-11-23 14:30:28'),
(78, 8, '8', 0, 150000, '2016-11-26 08:35:00', 'restauration comp cl 4 sur la 11 et 21', 0, '2016-11-26 08:36:43', '2016-11-26 08:36:43'),
(79, 9, '9', 0, 50000, '2016-11-26 11:05:00', 'restauration total de la 15', 0, '2016-11-26 09:06:20', '2016-11-26 09:06:20'),
(80, 1, '2', 0, 125000, '2016-12-31 15:31:10', 'impression for ccm on 17', 0, '2016-12-10 08:02:06', '2016-12-31 13:31:10'),
(81, 10, '10', 0, 0, '2017-01-14 16:35:00', 'detartrage+rest comp occ 36', 0, '2017-01-14 16:40:20', '2017-01-14 16:40:20'),
(82, 11, '11', 0, 75000, '2017-03-30 08:45:00', 'composite 23 cl3 M\n                  24 MOD\n                  25 OM', 0, '2017-05-25 05:52:41', '2017-05-25 05:52:41'),
(83, 12, '12', 0, 20000, '2017-05-25 17:05:00', 'detartrage', 0, '2017-05-25 14:16:01', '2017-05-25 14:16:01'),
(84, 13, '13', 0, 40000, '2017-06-08 20:50:00', 'detartrage', 0, '2017-06-08 18:01:34', '2017-06-08 18:01:34'),
(85, 11, '11', 0, 30000, '2017-06-12 20:00:00', 'cl 3 mesial 13', 0, '2017-06-12 17:31:02', '2017-06-12 17:31:02'),
(86, 14, '14', 0, 20000, '2017-06-28 14:20:00', 'provisoir sur 45 46 47', 0, '2017-06-28 12:26:22', '2017-06-28 12:26:22'),
(87, 15, '16', 0, 20000, '2017-07-19 16:00:00', 'detartrage', 0, '2017-07-19 14:09:51', '2017-07-19 14:09:51'),
(88, 16, '19', 0, 40000, '2017-08-09 19:05:00', 'detartrage', 0, '2017-08-09 16:10:36', '2017-08-09 16:10:36'),
(89, 17, '18', 0, 150000, '2017-08-10 09:50:00', 'taille 21 12 13 ac provisoir', 0, '2017-08-10 09:30:15', '2017-08-10 09:30:15'),
(90, 18, '19', 0, 30000, '2017-08-14 10:00:00', 'detartrage', 0, '2017-08-14 16:04:31', '2017-08-14 16:04:31'),
(91, 19, '20', 0, 100000, '2017-08-15 11:00:00', 'cl 4 distal 21 \ncl 3 mesial 22', 0, '2017-08-15 09:11:58', '2017-08-15 09:11:58'),
(92, 20, '23', 0, 50000, '2017-09-30 11:38:32', 'detartrage\n47 MOD sans obturation(pas payé)', 0, '2017-09-30 08:35:58', '2017-09-30 08:38:32'),
(93, 7, '6', 0, 0, '2017-10-02 14:05:00', 'detartrage', 0, '2017-10-02 13:20:09', '2017-10-02 13:20:09'),
(94, 21, '20', 0, 20000, '2017-10-02 15:20:00', 'detartrage', 0, '2017-10-02 13:22:09', '2017-10-02 13:22:09'),
(95, 22, '20', 0, 70000, '2017-10-03 08:30:00', 'comp OM 46', 0, '2017-10-03 08:49:44', '2017-10-03 08:49:44'),
(96, 21, '22', 0, 150000, '2017-10-10 14:30:00', 'detartrage', 0, '2017-10-10 12:34:50', '2017-10-10 12:34:50'),
(97, 23, '22', 0, 40000, '2017-10-13 17:15:00', 'detartrage', 0, '2017-10-13 14:20:08', '2017-10-13 14:20:08'),
(98, 24, '23', 0, 30000, '2017-10-21 08:25:00', 'detartrage+25 cl5', 0, '2017-10-21 06:42:11', '2017-10-21 06:42:11'),
(99, 25, '25', 0, 200000, '2017-10-21 17:45:00', 'detartrage+blanchiment gouttiere+cl 4 11 et cl 4 21', 0, '2017-10-21 15:01:56', '2017-10-21 15:01:56'),
(100, 26, '23', 0, 100000, '2017-11-11 08:00:00', 'detartrage+extraction de la 38', 0, '2017-11-11 07:26:09', '2017-11-11 07:26:09'),
(101, 12, '12', 0, 50000, '2017-11-11 14:00:00', 'detartrage+extraction de la 28', 0, '2017-11-11 13:23:59', '2017-11-11 13:23:59'),
(102, 27, '24', 0, 300000, '2017-11-20 19:12:46', 'couronne zircone sur 46', 0, '2017-11-13 14:59:51', '2017-11-20 17:12:46'),
(103, 26, '27', 0, 50000, '2017-11-22 10:20:00', 'comp OD sur 26', 0, '2017-11-22 19:23:06', '2017-11-22 19:23:06'),
(104, 26, '24', 0, 50000, '2017-11-25 08:00:00', 'comp sur 27 om', 0, '2017-11-25 09:01:37', '2017-11-25 09:01:37'),
(105, 26, '26', 0, 100000, '2017-11-30 09:00:00', 'LT 46\n          ML 17 cm', 0, '2017-11-30 08:43:30', '2017-11-30 08:43:30'),
(106, 26, '19', 0, 0, '2017-12-02 08:00:00', 'obturation canalaire 46', 0, '2017-12-02 07:44:39', '2017-12-02 07:44:39'),
(107, 26, '23', 0, 100000, '2017-12-07 08:00:00', 'enlever la couronne+prov sur 35', 0, '2017-12-07 15:26:16', '2017-12-07 15:26:16'),
(108, 26, '21', 0, 100000, '2017-12-23 08:00:00', 'endo 37', 0, '2017-12-23 09:38:13', '2017-12-23 09:38:13'),
(109, 26, '23', 0, 75000, '2017-12-27 08:00:00', 'taille 37+bridge prov 37(36)35', 0, '2017-12-27 08:54:03', '2017-12-27 08:54:03'),
(110, 26, '1', 0, 60000, '2017-12-30 08:00:00', 'endo 34', 0, '2018-01-03 13:35:57', '2018-01-03 13:35:57'),
(111, 28, '28', 0, 0, '2018-01-06 15:00:00', 'empreinte pour gouttiere', 0, '2018-01-06 13:07:29', '2018-01-06 13:07:29'),
(112, 28, '27', 0, 200000, '2018-01-12 16:00:00', 'gouttiere blanchiment+detartrage', 0, '2018-01-12 16:04:06', '2018-01-12 16:04:06'),
(113, 30, '30', 0, 75000, '2018-05-16 17:39:43', 'comp 16 om et 15 d et detartrage', 0, '2018-01-13 11:45:32', '2018-05-16 15:39:43'),
(114, 26, '24', 0, 100000, '2018-02-21 13:30:00', 'empreinte definitive 37 35 34 46', 0, '2018-02-21 14:25:28', '2018-02-21 14:25:28'),
(115, 11, '3', 0, 100000, '2018-02-09 14:00:00', 'composite 4 cavites', 0, '2018-02-21 15:42:09', '2018-02-21 15:42:09'),
(116, 31, '31', 0, 75000, '2018-05-30 18:43:21', 'detartrage parodontite superficielle', 0, '2018-03-06 17:56:48', '2018-05-30 16:43:21'),
(117, 32, '31', 0, 100000, '2018-03-07 16:00:00', 'mod 36\nm 37', 0, '2018-03-07 16:20:21', '2018-03-07 16:20:21'),
(118, 32, '31', 0, 100000, '2018-03-12 16:00:00', 'reconstitution composite de la 46', 0, '2018-03-12 16:08:08', '2018-03-12 16:08:08'),
(119, 33, '25', 0, 50000, '2018-03-29 17:00:00', 'detartrage', 0, '2018-03-29 16:10:11', '2018-03-29 16:10:11'),
(120, 34, '33', 0, 150000, '2018-03-31 16:00:00', 'detrartrage(free)+comp OM sur 26', 0, '2018-03-31 15:58:53', '2018-03-31 15:58:53'),
(121, 34, '34', 0, 100000, '2018-04-17 18:45:42', 'endo 46(mise en forme)', 0, '2018-04-04 16:44:13', '2018-04-17 16:45:42'),
(122, 33, '33', 0, 150000, '2018-04-05 09:30:00', 'comp:35 od \n          36 m\n          47 om', 0, '2018-04-05 10:32:56', '2018-04-05 10:32:56'),
(123, 35, '35', 0, 50000, '2018-04-16 12:22:44', 'endo 35  lt=20.5mm', 0, '2018-04-05 14:59:11', '2018-04-16 10:22:44'),
(124, 34, '33', 0, 50000, '2018-04-06 16:02:00', 'comp omd 14', 0, '2018-04-06 17:19:28', '2018-04-06 17:19:28'),
(125, 33, '34', 0, 200000, '2018-04-07 10:09:00', 'facette comp 22 21 11 12', 0, '2018-04-07 11:18:50', '2018-04-07 11:18:50'),
(126, 34, '33', 0, 100000, '2018-04-17 18:45:55', 'comp o sur 36 37', 0, '2018-04-07 16:02:53', '2018-04-17 16:45:55'),
(127, 34, '33', 0, 350000, '2018-04-11 17:00:00', 'blanchiement gouttiere', 0, '2018-04-11 19:43:52', '2018-04-11 19:43:52'),
(128, 35, '34', 0, 0, '2018-04-16 10:06:00', 'detartrage+obturation endo 35 lt=20.5', 0, '2018-04-16 10:25:03', '2018-04-16 10:25:03'),
(129, 35, '33', 0, 100000, '2018-05-14 19:26:58', 'composite 47 O\n                 45 OD', 0, '2018-04-18 13:55:17', '2018-05-14 17:26:58'),
(130, 37, '36', 0, 0, '2018-04-23 18:00:00', 'detartrage', 0, '2018-04-23 19:01:53', '2018-04-23 19:01:53'),
(131, 38, '33', 0, 75000, '2018-05-14 19:34:13', 'detartrage+comp 26 P', 0, '2018-05-12 08:27:12', '2018-05-14 17:34:13'),
(132, 35, '33', 0, 50000, '2018-05-12 16:00:00', 'comp od 35', 0, '2018-05-12 14:47:47', '2018-05-12 14:47:47'),
(133, 30, '32', 0, 50000, '2018-05-16 17:40:11', 'taille de la 16+comp 46 M et 45 OD', 0, '2018-05-16 15:39:12', '2018-05-16 15:40:11'),
(134, 34, '34', 0, 50000, '2018-05-15 17:00:00', 'empreinte definitive de la 46', 0, '2018-05-16 15:55:26', '2018-05-16 15:55:26'),
(135, 39, '40', 0, 500000, '2018-05-26 10:00:00', 'CCM 15 16\nblanchiment laser\ncl 4 sur 11', 0, '2018-05-26 08:13:04', '2018-05-26 08:13:04'),
(136, 40, '36', 0, 50000, '2018-05-30 16:00:00', 'extraction 18', 0, '2018-05-30 16:13:27', '2018-05-30 16:13:27'),
(137, 41, '41', 0, 150000, '2018-09-19 10:55:12', 'endo 16\ntaille prov 16 13', 0, '2018-05-30 21:03:38', '2018-09-19 08:55:12'),
(138, 42, '55', 0, 60000, '2018-07-04 11:00:00', '16 mod comp', 0, '2018-07-04 10:28:32', '2018-07-04 10:28:32'),
(139, 30, '33', 0, 40000, '2018-08-15 22:00:00', 'cl 4 M sur 21', 0, '2018-08-16 09:47:38', '2018-08-16 09:47:38'),
(140, 43, '34', 0, 120000, '2018-08-29 08:51:08', 'comp 11 D.12 M.22 reconstitution', 0, '2018-08-17 15:09:55', '2018-08-29 06:51:08'),
(141, 44, '35', 0, 500000, '2018-08-23 22:00:00', 'bridge 13 15 17', 0, '2018-08-24 08:34:33', '2018-08-24 08:34:42'),
(142, 43, '87', 0, 80000, '2018-08-26 22:00:00', 'comp 24 M\n          23 D', 0, '2018-08-27 14:02:59', '2018-08-27 14:03:44'),
(143, 45, '33', 0, 45000, '2018-08-27 22:00:00', 'detartrage', 0, '2018-08-28 07:13:51', '2018-08-28 07:13:51'),
(144, 31, '', 0, 10000, '2018-08-28 22:00:00', NULL, 0, '2018-08-29 17:05:39', '2018-08-29 17:05:50'),
(145, 46, '55', 0, 200000, '2018-08-30 22:00:00', 'endo+comp sur 36', 0, '2018-08-31 15:55:34', '2018-08-31 15:55:34'),
(146, 47, '39', 0, 30000, '2018-09-03 22:00:00', 'detartrage', 0, '2018-09-04 15:45:49', '2018-09-04 15:46:59'),
(147, 48, '75', 0, 100000, '2018-09-02 22:00:00', 'reprise endo sur la 24', 0, '2018-09-05 07:35:46', '2018-09-05 07:35:46'),
(148, 2, '55', 0, 250000, '2018-09-02 22:00:00', 'bridge 37 35', 0, '2018-09-05 07:39:16', '2018-09-05 07:39:16'),
(149, 2, '55', 0, 100000, '2018-08-28 22:00:00', 'endo 37', 0, '2018-09-05 07:42:34', '2018-09-05 07:42:54'),
(150, 2, '55', 0, 600000, '2018-09-04 22:00:00', 'comp veneers from 15 to 25', 0, '2018-09-05 07:44:12', '2018-09-05 07:44:21'),
(151, 49, '5', 0, 125000, '2018-09-03 22:00:00', 'endo+comp sur 24', 0, '2018-09-05 07:50:27', '2018-09-05 07:50:32'),
(152, 31, '123', 0, 15000, '2018-09-06 22:00:00', NULL, 0, '2018-09-07 17:05:33', '2018-09-07 17:05:42'),
(153, 31, '53265', 0, 50000, '2018-09-06 22:00:00', NULL, 0, '2018-09-07 17:07:56', '2018-09-07 17:08:10'),
(154, 24, '5', 0, 50000, '2018-09-14 22:00:00', '17 OM', 0, '2018-09-15 15:55:12', '2018-09-15 15:55:12'),
(155, 48, '5', 0, 100000, '2018-09-14 22:00:00', 'FM sur 24', 0, '2018-09-15 18:33:34', '2018-09-15 18:33:34'),
(156, 44, '5', 0, 95000, '2018-09-16 22:00:00', 'facette comp sur  11 12 21', 0, '2018-09-17 07:45:42', '2018-09-17 07:45:42'),
(157, 41, '5', 0, 40000, '2018-09-16 22:00:00', 'cl3 M et D sur 22', 0, '2018-09-17 15:05:15', '2018-09-17 15:05:15'),
(158, 50, '56', 0, 50000, '2018-09-17 22:00:00', 'detartrage', 0, '2018-09-18 08:31:29', '2018-09-18 08:48:16'),
(159, 50, '5', 0, 750000, '2018-09-17 22:00:00', 'ccm sur 12 22 23', 0, '2018-09-18 08:51:24', '2018-09-18 08:51:24'),
(160, 41, '55', 0, 40000, '2018-09-18 22:00:00', 'endo sur 13', 0, '2018-09-19 08:53:21', '2018-09-19 08:53:21'),
(161, 51, '55', 0, 50000, '2018-09-18 22:00:00', 'endo sur 15', 0, '2018-09-19 10:56:16', '2018-09-19 10:56:50'),
(162, 50, '55', 0, 0, '2018-09-20 22:00:00', 'endo sur 12', 0, '2018-09-21 08:20:00', '2018-09-21 08:20:00'),
(163, 50, '55', 0, 0, '2018-09-23 22:00:00', 'endo sur 22 lt=24mm', 0, '2018-09-24 07:59:52', '2018-09-24 07:59:52'),
(164, 50, '5', 0, 400000, '2018-09-25 22:00:00', 'gouttiere', 0, '2018-09-26 16:08:27', '2018-09-26 16:08:27'),
(165, 52, '54', 0, 100000, '2018-10-26 16:43:42', 'reprise du trt sur 25+ 26 M', 0, '2018-09-30 10:36:04', '2018-09-30 10:37:41'),
(166, 50, '85', 0, 200000, '2018-10-21 22:00:00', '24', 0, '2018-10-22 14:57:22', '2018-10-22 14:57:22'),
(167, 43, '55', 0, 70000, '2018-10-23 22:00:00', '23 D cl 3', 0, '2018-10-24 13:06:24', '2018-10-24 13:06:24'),
(168, 52, '4', 0, 75000, '2018-10-25 22:00:00', 'comp sur 46 o 47 om', 0, '2018-10-26 14:40:45', '2018-10-26 14:40:45'),
(169, 54, '6', 0, 300000, '2018-10-28 22:00:00', 'gouttiere', 0, '2018-10-29 15:15:58', '2018-10-29 15:15:58'),
(170, 41, '5', 0, 220000, '2018-11-01 18:40:54', 'inferieur', 0, '2018-11-01 16:40:08', '2018-11-01 16:40:54');

-- --------------------------------------------------------

--
-- Table structure for table `factures`
--

CREATE TABLE `factures` (
  `id` int(11) NOT NULL,
  `patient_id` int(11) NOT NULL,
  `paid` double NOT NULL,
  `created_at` timestamp NOT NULL DEFAULT CURRENT_TIMESTAMP ON UPDATE CURRENT_TIMESTAMP,
  `updated_at` timestamp NOT NULL DEFAULT '0000-00-00 00:00:00'
) ENGINE=InnoDB DEFAULT CHARSET=latin1;

--
-- Dumping data for table `factures`
--

INSERT INTO `factures` (`id`, `patient_id`, `paid`, `created_at`, `updated_at`) VALUES
(1, 1, 450000, '2016-11-19 07:19:29', '0000-00-00 00:00:00'),
(2, 3, 30000, '2016-11-19 10:08:17', '0000-00-00 00:00:00'),
(8, 8, 150000, '2016-11-26 08:36:43', '0000-00-00 00:00:00'),
(9, 9, 50000, '2016-11-26 09:06:20', '0000-00-00 00:00:00'),
(10, 1, 125000, '2016-12-10 08:02:06', '0000-00-00 00:00:00'),
(12, 11, 75000, '2017-05-25 05:52:41', '0000-00-00 00:00:00'),
(13, 12, 20000, '2017-05-25 14:16:01', '0000-00-00 00:00:00'),
(14, 13, 40000, '2017-06-08 18:01:34', '0000-00-00 00:00:00'),
(15, 11, 30000, '2017-06-12 17:31:02', '0000-00-00 00:00:00'),
(16, 14, 20000, '2017-06-28 12:26:22', '0000-00-00 00:00:00'),
(17, 15, 20000, '2017-07-19 14:09:51', '0000-00-00 00:00:00'),
(18, 16, 40000, '2017-08-09 16:10:36', '0000-00-00 00:00:00'),
(19, 17, 150000, '2017-08-10 09:30:15', '0000-00-00 00:00:00'),
(20, 18, 30000, '2017-08-14 16:04:31', '0000-00-00 00:00:00'),
(21, 19, 100000, '2017-08-15 09:11:58', '0000-00-00 00:00:00'),
(22, 20, 50000, '2017-09-30 08:35:58', '0000-00-00 00:00:00'),
(24, 21, 20000, '2017-10-02 13:22:09', '0000-00-00 00:00:00'),
(25, 22, 50000, '2017-10-03 08:49:44', '0000-00-00 00:00:00'),
(26, 21, 150000, '2017-10-10 12:34:50', '0000-00-00 00:00:00'),
(27, 23, 40000, '2017-10-13 14:20:08', '0000-00-00 00:00:00'),
(28, 24, 30000, '2017-10-21 06:42:11', '0000-00-00 00:00:00'),
(30, 26, 100000, '2017-11-11 07:26:09', '0000-00-00 00:00:00'),
(31, 12, 50000, '2017-11-11 13:23:59', '0000-00-00 00:00:00'),
(32, 27, 300000, '2017-11-13 14:59:51', '0000-00-00 00:00:00'),
(33, 26, 50000, '2017-11-22 19:23:06', '0000-00-00 00:00:00'),
(34, 26, 50000, '2017-11-25 09:01:37', '0000-00-00 00:00:00'),
(35, 26, 100000, '2017-11-30 08:43:30', '0000-00-00 00:00:00'),
(37, 26, 100000, '2017-12-07 15:26:16', '0000-00-00 00:00:00'),
(38, 26, 100000, '2017-12-23 09:38:13', '0000-00-00 00:00:00'),
(39, 26, 75000, '2017-12-27 08:54:03', '0000-00-00 00:00:00'),
(40, 26, 60000, '2018-01-03 13:35:57', '0000-00-00 00:00:00'),
(42, 28, 100000, '2018-01-12 16:04:06', '0000-00-00 00:00:00'),
(43, 30, 75000, '2018-01-13 11:45:32', '0000-00-00 00:00:00'),
(44, 26, 100000, '2018-02-21 14:25:28', '0000-00-00 00:00:00'),
(45, 11, 100000, '2018-02-21 15:42:09', '0000-00-00 00:00:00'),
(46, 31, 75000, '2018-03-06 17:56:48', '0000-00-00 00:00:00'),
(47, 32, 100000, '2018-03-07 16:20:21', '0000-00-00 00:00:00'),
(48, 32, 100000, '2018-03-12 16:08:08', '0000-00-00 00:00:00'),
(49, 33, 50000, '2018-03-29 16:10:11', '0000-00-00 00:00:00'),
(50, 34, 150000, '2018-03-31 15:58:53', '0000-00-00 00:00:00'),
(51, 34, 100000, '2018-04-04 16:44:13', '0000-00-00 00:00:00'),
(52, 33, 150000, '2018-04-05 10:32:56', '0000-00-00 00:00:00'),
(53, 35, 50000, '2018-04-05 14:59:11', '0000-00-00 00:00:00'),
(54, 34, 50000, '2018-04-06 17:19:28', '0000-00-00 00:00:00'),
(55, 33, 200000, '2018-04-07 11:18:50', '0000-00-00 00:00:00'),
(56, 34, 100000, '2018-04-07 16:02:53', '0000-00-00 00:00:00'),
(57, 34, 350000, '2018-04-11 19:43:52', '0000-00-00 00:00:00'),
(59, 35, 100000, '2018-04-18 13:55:17', '0000-00-00 00:00:00'),
(61, 38, 75000, '2018-05-12 08:27:12', '0000-00-00 00:00:00'),
(63, 30, 50000, '2018-05-16 15:39:12', '0000-00-00 00:00:00'),
(64, 34, 50000, '2018-05-16 15:55:26', '0000-00-00 00:00:00'),
(65, 39, 500000, '2018-05-26 08:13:04', '0000-00-00 00:00:00'),
(66, 40, 50000, '2018-05-30 16:13:27', '0000-00-00 00:00:00'),
(67, 41, 150000, '2018-05-30 21:03:38', '0000-00-00 00:00:00'),
(68, 42, 60000, '2018-07-04 10:28:32', '0000-00-00 00:00:00'),
(69, 30, 40000, '2018-08-16 09:47:37', '2018-08-16 09:47:37'),
(70, 43, 50000, '2018-08-17 15:09:55', '2018-08-17 15:09:55'),
(71, 44, 400000, '2018-08-24 10:38:49', '2018-08-24 08:38:49'),
(76, 45, 45000, '2018-08-28 07:13:51', '2018-08-28 07:13:51'),
(77, 43, 150000, '2018-08-29 06:47:43', '2018-08-29 06:47:43'),
(78, 46, 100000, '2018-08-31 15:55:33', '2018-08-31 15:55:33'),
(80, 47, 30000, '2018-09-04 15:46:58', '2018-09-04 15:46:58'),
(81, 48, 50000, '2018-09-05 07:35:46', '2018-09-05 07:35:46'),
(82, 2, 250000, '2018-09-05 07:39:16', '2018-09-05 07:39:16'),
(83, 2, 100000, '2018-09-05 07:42:34', '2018-09-05 07:42:34'),
(86, 2, 250000, '2018-09-05 07:44:21', '2018-09-05 07:44:21'),
(88, 49, 125000, '2018-09-05 07:50:32', '2018-09-05 07:50:32'),
(89, 31, 15000, '2018-09-07 17:05:33', '2018-09-07 17:05:33'),
(90, 31, 50000, '2018-09-07 17:07:56', '2018-09-07 17:07:56'),
(91, 24, 50000, '2018-09-15 15:55:12', '2018-09-15 15:55:12'),
(92, 48, 100000, '2018-09-15 18:33:34', '2018-09-15 18:33:34'),
(93, 44, 100000, '2018-09-17 07:39:05', '2018-09-17 07:39:05'),
(94, 44, 95000, '2018-09-17 07:45:42', '2018-09-17 07:45:42'),
(95, 50, 50000, '2018-09-18 08:31:29', '2018-09-18 08:31:29'),
(96, 50, 200000, '2018-09-18 08:51:24', '2018-09-18 08:51:24'),
(97, 41, 150000, '2018-09-19 08:48:13', '2018-09-19 08:48:13'),
(98, 51, 50000, '2018-09-19 10:56:16', '2018-09-19 10:56:16'),
(99, 50, 100000, '2018-09-21 08:20:00', '2018-09-21 08:20:00'),
(100, 50, 100000, '2018-09-24 08:00:14', '2018-09-24 08:00:14'),
(101, 50, 100000, '2018-09-26 13:29:15', '2018-09-26 13:29:15'),
(102, 50, 0, '2018-09-26 16:08:27', '2018-09-26 16:08:27'),
(103, 48, 25000, '2018-09-27 08:05:58', '2018-09-27 08:05:58'),
(104, 52, 75000, '2018-09-30 10:36:04', '2018-09-30 10:36:04'),
(105, 50, 200000, '2018-10-09 08:00:52', '2018-10-09 08:00:52'),
(106, 50, 100000, '2018-10-16 15:22:10', '2018-10-16 15:22:10'),
(107, 50, 100000, '2018-10-22 14:55:13', '2018-10-22 14:55:13'),
(108, 43, 50000, '2018-10-24 13:06:24', '2018-10-24 13:06:24'),
(109, 52, 50000, '2018-10-26 14:40:45', '2018-10-26 14:40:45'),
(110, 54, 300000, '2018-10-29 15:15:58', '2018-10-29 15:15:58'),
(111, 50, 100000, '2018-10-30 14:52:48', '2018-10-30 14:52:48'),
(112, 52, 50000, '2018-10-31 09:24:34', '2018-10-31 09:24:34'),
(113, 41, 150000, '2018-11-01 16:40:08', '2018-11-01 16:40:08');

-- --------------------------------------------------------

--
-- Table structure for table `fm_cms_menu`
--

CREATE TABLE `fm_cms_menu` (
  `id` int(10) UNSIGNED NOT NULL,
  `name` varchar(255) COLLATE utf8_unicode_ci NOT NULL,
  `is_active` int(11) NOT NULL,
  `order` int(11) NOT NULL,
  `url` varchar(255) COLLATE utf8_unicode_ci NOT NULL,
  `parent` int(11) NOT NULL DEFAULT '0',
  `created_at` timestamp NULL DEFAULT NULL,
  `updated_at` timestamp NULL DEFAULT NULL
) ENGINE=InnoDB DEFAULT CHARSET=utf8 COLLATE=utf8_unicode_ci;

--
-- Dumping data for table `fm_cms_menu`
--

INSERT INTO `fm_cms_menu` (`id`, `name`, `is_active`, `order`, `url`, `parent`, `created_at`, `updated_at`) VALUES
(1, 'Dashboard', 1, 1, '#/dashboard.html', 0, NULL, NULL),
(2, 'Customers', 1, 2, '#/customers.html', 0, NULL, NULL),
(3, 'Visits', 1, 3, '#/visits.html', 0, NULL, NULL),
(4, 'Schedules', 1, 4, '#/schedules.html', 0, NULL, NULL);

-- --------------------------------------------------------

--
-- Table structure for table `fm_userinfo`
--

CREATE TABLE `fm_userinfo` (
  `id` int(10) UNSIGNED NOT NULL,
  `user_id` int(10) UNSIGNED DEFAULT NULL,
  `f_name` varchar(255) COLLATE utf8_unicode_ci NOT NULL,
  `l_name` varchar(255) COLLATE utf8_unicode_ci NOT NULL,
  `phone` int(11) NOT NULL,
  `created_at` timestamp NULL DEFAULT NULL,
  `updated_at` timestamp NULL DEFAULT NULL
) ENGINE=InnoDB DEFAULT CHARSET=utf8 COLLATE=utf8_unicode_ci;

--
-- Dumping data for table `fm_userinfo`
--

INSERT INTO `fm_userinfo` (`id`, `user_id`, `f_name`, `l_name`, `phone`, `created_at`, `updated_at`) VALUES
(1, 1, 'Hachem', 'Chebli', 71, NULL, NULL);

-- --------------------------------------------------------

--
-- Table structure for table `fm_users`
--

CREATE TABLE `fm_users` (
  `id` int(10) UNSIGNED NOT NULL,
  `username` varchar(255) COLLATE utf8_unicode_ci NOT NULL,
  `email` varchar(255) COLLATE utf8_unicode_ci NOT NULL,
  `password` varchar(255) COLLATE utf8_unicode_ci NOT NULL,
  `isactive` int(11) NOT NULL DEFAULT '1',
  `created_at` timestamp NULL DEFAULT NULL,
  `updated_at` timestamp NULL DEFAULT NULL,
  `remember_token` varchar(255) COLLATE utf8_unicode_ci NOT NULL
) ENGINE=InnoDB DEFAULT CHARSET=utf8 COLLATE=utf8_unicode_ci;

--
-- Dumping data for table `fm_users`
--

INSERT INTO `fm_users` (`id`, `username`, `email`, `password`, `isactive`, `created_at`, `updated_at`, `remember_token`) VALUES
(1, 'hachem', 'samichkeir@gmail.com', '$2y$10$EJfTjIAIXjOicTFvi3cYsOBC3uN6xKbjahS6w0njYD6XYwwYQYBAS', 1, NULL, '2018-05-25 10:16:17', 'cGV6GknJIMf1nRVAN7dJIFLuuAc6dIa2TBHLTh9KUX9bFvv39irLQGkBR61N');

-- --------------------------------------------------------

--
-- Table structure for table `images`
--

CREATE TABLE `images` (
  `id` int(11) NOT NULL,
  `patient_id` int(11) NOT NULL,
  `visit_id` int(11) NOT NULL,
  `url` text NOT NULL,
  `created_at` timestamp NOT NULL DEFAULT CURRENT_TIMESTAMP ON UPDATE CURRENT_TIMESTAMP,
  `updated_at` timestamp NOT NULL DEFAULT '0000-00-00 00:00:00'
) ENGINE=InnoDB DEFAULT CHARSET=latin1;

-- --------------------------------------------------------

--
-- Table structure for table `menu`
--

CREATE TABLE `menu` (
  `id` int(11) NOT NULL,
  `code` varchar(20) NOT NULL,
  `url` varchar(50) DEFAULT NULL,
  `view` varchar(50) DEFAULT NULL,
  `controller` varchar(50) DEFAULT NULL,
  `parent_id` int(11) DEFAULT '0',
  `active` int(11) DEFAULT '1',
  `icon` varchar(20) NOT NULL,
  `created_at` timestamp NOT NULL DEFAULT CURRENT_TIMESTAMP ON UPDATE CURRENT_TIMESTAMP,
  `updated_at` timestamp NOT NULL DEFAULT '0000-00-00 00:00:00'
) ENGINE=InnoDB DEFAULT CHARSET=utf8;

--
-- Dumping data for table `menu`
--

INSERT INTO `menu` (`id`, `code`, `url`, `view`, `controller`, `parent_id`, `active`, `icon`, `created_at`, `updated_at`) VALUES
(1, 'dashboard', '#/dashboard', 'dashboard', 'DashboardController', 0, 1, 'fa fa-home', '2018-04-17 20:42:31', '0000-00-00 00:00:00'),
(6, 'pacients', '#!/patients', 'pacients', 'PacientsController', 0, 1, 'fa fa-user', '2018-04-24 20:52:44', '0000-00-00 00:00:00'),
(7, 'visits', '#!/visits', 'visits', 'VisitsController', 0, 1, 'fa fa-stethoscope', '2018-07-17 19:09:02', '0000-00-00 00:00:00'),
(8, 'operations', '#!/operations', 'operations', 'OperationsController', 0, 1, 'fa fa-gear', '2018-07-10 19:43:02', '0000-00-00 00:00:00'),
(9, 'calendar', '#!/calendar', 'calendar', 'CalendarController', 0, 1, 'fa fa-calendar', '2018-08-03 19:44:15', '0000-00-00 00:00:00'),
(10, 'gallery', '#!/gallery', 'gallery', 'GalleryController', 0, 1, 'fa fa-file-photo-o', '2018-08-09 20:20:58', '0000-00-00 00:00:00'),
(11, 'statement', '#statement', 'statement', 'StatementController', 0, 1, 'fa fa-file-text-o', '2018-08-09 20:43:31', '0000-00-00 00:00:00'),
(13, 'invoice', '#!/invoice', 'invoice', 'StatementController', 11, 1, '', '2018-08-09 20:48:15', '0000-00-00 00:00:00');

-- --------------------------------------------------------

--
-- Table structure for table `menu_i18`
--

CREATE TABLE `menu_i18` (
  `id` int(11) NOT NULL,
  `menu_id` int(11) NOT NULL,
  `lang` varchar(3) DEFAULT 'en',
  `name` varchar(255) DEFAULT NULL,
  `created_at` timestamp NOT NULL DEFAULT CURRENT_TIMESTAMP ON UPDATE CURRENT_TIMESTAMP,
  `updated_at` timestamp NOT NULL DEFAULT '0000-00-00 00:00:00'
) ENGINE=InnoDB DEFAULT CHARSET=utf8;

--
-- Dumping data for table `menu_i18`
--

INSERT INTO `menu_i18` (`id`, `menu_id`, `lang`, `name`, `created_at`, `updated_at`) VALUES
(1, 1, 'en', 'Dashboard', '2018-04-13 21:23:24', '0000-00-00 00:00:00'),
(6, 6, 'en', 'Patients', '2018-06-20 20:11:18', '0000-00-00 00:00:00'),
(7, 7, 'en', 'Visits', '2018-06-20 20:11:11', '0000-00-00 00:00:00'),
(8, 8, 'en', 'Operations', '2018-07-10 19:43:34', '0000-00-00 00:00:00'),
(9, 9, 'en', 'Apointment', '2018-08-03 19:44:39', '0000-00-00 00:00:00'),
(10, 10, 'en', 'Gallery', '2018-08-09 20:19:48', '0000-00-00 00:00:00'),
(11, 11, 'en', 'Statement', '2018-08-09 20:48:43', '0000-00-00 00:00:00'),
(12, 12, 'en', 'Summary', '2018-08-09 20:48:46', '0000-00-00 00:00:00'),
(13, 13, 'en', 'Invoice', '2018-08-09 20:48:50', '0000-00-00 00:00:00');

-- --------------------------------------------------------

--
-- Table structure for table `migrations`
--

CREATE TABLE `migrations` (
  `migration` varchar(255) COLLATE utf8_unicode_ci NOT NULL,
  `batch` int(11) NOT NULL
) ENGINE=InnoDB DEFAULT CHARSET=utf8 COLLATE=utf8_unicode_ci;

--
-- Dumping data for table `migrations`
--

INSERT INTO `migrations` (`migration`, `batch`) VALUES
('2016_10_06_185617_user_table', 1),
('2016_10_06_190525_userinformation_table', 1),
('2016_10_06_185617_create_customer_table', 2),
('2016_10_06_191108_create_visit_table', 2),
('2016_10_17_173817_create_menu_cms_table', 3),
('2016_10_21_165628_create_schedule_Table', 3),
('2016_10_22_073350_create_items_table', 3),
('2016_10_23_193703_create_company_table', 3),
('2016_10_23_195425_create_fees_table', 3),
('2016_10_27_210455_add_schedule_end_date_to_schedule_Table', 4),
('2016_11_08_183914_create_track_table', 4);

-- --------------------------------------------------------

--
-- Table structure for table `operations`
--

CREATE TABLE `operations` (
  `id` int(11) NOT NULL,
  `name` varchar(255) NOT NULL,
  `color` varchar(50) DEFAULT NULL,
  `is_deleted` int(11) DEFAULT '0',
  `created_at` timestamp NOT NULL DEFAULT CURRENT_TIMESTAMP ON UPDATE CURRENT_TIMESTAMP,
  `updated_at` timestamp NOT NULL DEFAULT '0000-00-00 00:00:00'
) ENGINE=InnoDB DEFAULT CHARSET=latin1;

--
-- Dumping data for table `operations`
--

INSERT INTO `operations` (`id`, `name`, `color`, `is_deleted`, `created_at`, `updated_at`) VALUES
(1, 'composite', '#9eb000', 0, '2018-09-07 19:11:24', '2018-09-07 17:11:24'),
(2, 'crown', '#004fa3', 0, '2018-09-07 19:11:37', '2018-09-07 17:11:37'),
(3, 'scaling', '#bbe1e3', 0, '2018-09-26 18:06:58', '2018-09-26 16:06:58'),
(4, 'endo trt', '#eb2b2b', 0, '2018-08-31 15:33:46', '2018-08-31 15:33:46'),
(5, 'faux moignon', '#0f0e0e', 0, '2018-09-15 18:32:41', '2018-09-15 18:32:41'),
(6, 'whitening', '#d9c1c1', 0, '2018-09-26 16:06:38', '2018-09-26 16:06:38'),
(7, 'acrylique partielle', '#41e679', 0, '2018-11-01 18:36:13', '2018-11-01 16:36:13');

-- --------------------------------------------------------

--
-- Table structure for table `operation_visit`
--

CREATE TABLE `operation_visit` (
  `id` int(11) NOT NULL,
  `patient_id` int(11) NOT NULL,
  `visit_id` int(11) NOT NULL,
  `operation_id` int(11) NOT NULL,
  `created_at` timestamp NOT NULL DEFAULT CURRENT_TIMESTAMP ON UPDATE CURRENT_TIMESTAMP,
  `updated_at` timestamp NOT NULL DEFAULT '0000-00-00 00:00:00'
) ENGINE=InnoDB DEFAULT CHARSET=latin1;

--
-- Dumping data for table `operation_visit`
--

INSERT INTO `operation_visit` (`id`, `patient_id`, `visit_id`, `operation_id`, `created_at`, `updated_at`) VALUES
(1, 30, 139, 1, '2018-08-16 09:47:38', '2018-08-16 09:47:38'),
(6, 44, 141, 2, '2018-08-24 08:34:42', '2018-08-24 08:34:42'),
(9, 43, 142, 1, '2018-08-27 14:03:44', '2018-08-27 14:03:44'),
(10, 45, 143, 3, '2018-08-28 07:13:51', '2018-08-28 07:13:51'),
(12, 43, 140, 1, '2018-08-29 06:51:08', '2018-08-29 06:51:08'),
(14, 31, 144, 1, '2018-08-29 17:05:50', '2018-08-29 17:05:50'),
(15, 46, 145, 1, '2018-08-31 15:55:34', '2018-08-31 15:55:34'),
(16, 46, 145, 3, '2018-08-31 15:55:34', '2018-08-31 15:55:34'),
(17, 46, 145, 4, '2018-08-31 15:55:34', '2018-08-31 15:55:34'),
(19, 47, 146, 3, '2018-09-04 15:46:59', '2018-09-04 15:46:59'),
(20, 48, 147, 4, '2018-09-05 07:35:46', '2018-09-05 07:35:46'),
(21, 2, 148, 2, '2018-09-05 07:39:16', '2018-09-05 07:39:16'),
(23, 2, 149, 4, '2018-09-05 07:42:54', '2018-09-05 07:42:54'),
(25, 2, 150, 1, '2018-09-05 07:44:22', '2018-09-05 07:44:22'),
(28, 49, 151, 1, '2018-09-05 07:50:32', '2018-09-05 07:50:32'),
(29, 49, 151, 4, '2018-09-05 07:50:32', '2018-09-05 07:50:32'),
(31, 31, 152, 1, '2018-09-07 17:05:43', '2018-09-07 17:05:43'),
(33, 31, 153, 3, '2018-09-07 17:08:10', '2018-09-07 17:08:10'),
(34, 24, 154, 1, '2018-09-15 15:55:12', '2018-09-15 15:55:12'),
(35, 48, 155, 5, '2018-09-15 18:33:34', '2018-09-15 18:33:34'),
(36, 44, 156, 1, '2018-09-17 07:45:42', '2018-09-17 07:45:42'),
(37, 41, 157, 1, '2018-09-17 15:05:15', '2018-09-17 15:05:15'),
(40, 50, 158, 3, '2018-09-18 08:48:16', '2018-09-18 08:48:16'),
(41, 50, 159, 2, '2018-09-18 08:51:24', '2018-09-18 08:51:24'),
(42, 41, 160, 4, '2018-09-19 08:53:21', '2018-09-19 08:53:21'),
(43, 41, 137, 4, '2018-09-19 08:55:12', '2018-09-19 08:55:12'),
(45, 51, 161, 4, '2018-09-19 10:56:51', '2018-09-19 10:56:51'),
(46, 50, 162, 4, '2018-09-21 08:20:00', '2018-09-21 08:20:00'),
(47, 50, 163, 4, '2018-09-24 07:59:53', '2018-09-24 07:59:53'),
(48, 50, 164, 6, '2018-09-26 16:08:27', '2018-09-26 16:08:27'),
(51, 50, 166, 2, '2018-10-22 14:57:22', '2018-10-22 14:57:22'),
(52, 43, 167, 1, '2018-10-24 13:06:24', '2018-10-24 13:06:24'),
(53, 52, 168, 1, '2018-10-26 14:40:45', '2018-10-26 14:40:45'),
(55, 52, 165, 4, '2018-10-26 14:43:42', '2018-10-26 14:43:42'),
(56, 54, 169, 6, '2018-10-29 15:15:58', '2018-10-29 15:15:58'),
(58, 41, 170, 7, '2018-11-01 16:40:54', '2018-11-01 16:40:54');

-- --------------------------------------------------------

--
-- Table structure for table `st_companies`
--

CREATE TABLE `st_companies` (
  `id` int(10) UNSIGNED NOT NULL,
  `name` varchar(255) COLLATE utf8_unicode_ci NOT NULL,
  `created_at` timestamp NULL DEFAULT NULL,
  `updated_at` timestamp NULL DEFAULT NULL
) ENGINE=InnoDB DEFAULT CHARSET=utf8 COLLATE=utf8_unicode_ci;

-- --------------------------------------------------------

--
-- Table structure for table `st_fees`
--

CREATE TABLE `st_fees` (
  `id` int(10) UNSIGNED NOT NULL,
  `companies_id` int(10) UNSIGNED DEFAULT NULL,
  `code` varchar(50) COLLATE utf8_unicode_ci NOT NULL,
  `fees_date` timestamp NOT NULL DEFAULT CURRENT_TIMESTAMP ON UPDATE CURRENT_TIMESTAMP,
  `price` double NOT NULL,
  `paid` double NOT NULL,
  `rest` double NOT NULL,
  `created_at` timestamp NULL DEFAULT NULL,
  `updated_at` timestamp NULL DEFAULT NULL
) ENGINE=InnoDB DEFAULT CHARSET=utf8 COLLATE=utf8_unicode_ci;

-- --------------------------------------------------------

--
-- Table structure for table `st_items`
--

CREATE TABLE `st_items` (
  `id` int(10) UNSIGNED NOT NULL,
  `barcode` varchar(20) COLLATE utf8_unicode_ci NOT NULL,
  `name` text COLLATE utf8_unicode_ci NOT NULL,
  `quantity` int(11) NOT NULL,
  `buy_price` double NOT NULL,
  `sell_price` double NOT NULL,
  `created_at` timestamp NULL DEFAULT NULL,
  `updated_at` timestamp NULL DEFAULT NULL
) ENGINE=InnoDB DEFAULT CHARSET=utf8 COLLATE=utf8_unicode_ci;

-- --------------------------------------------------------

--
-- Table structure for table `tooth_note`
--

CREATE TABLE `tooth_note` (
  `id` int(11) NOT NULL,
  `patient_id` int(11) NOT NULL,
  `visit_id` int(11) NOT NULL,
  `title` varchar(100) NOT NULL,
  `operations_id` varchar(200) DEFAULT NULL,
  `note` text NOT NULL,
  `created_at` timestamp NOT NULL DEFAULT CURRENT_TIMESTAMP ON UPDATE CURRENT_TIMESTAMP,
  `updated_at` timestamp NOT NULL DEFAULT '0000-00-00 00:00:00'
) ENGINE=InnoDB DEFAULT CHARSET=latin1;

--
-- Dumping data for table `tooth_note`
--

INSERT INTO `tooth_note` (`id`, `patient_id`, `visit_id`, `title`, `operations_id`, `note`, `created_at`, `updated_at`) VALUES
(1, 30, 139, '21', '1', '', '2018-08-16 09:47:38', '2018-08-16 09:47:38'),
(5, 44, 141, '13', '2', '', '2018-08-24 08:34:42', '2018-08-24 08:34:42'),
(6, 44, 141, '15', '2', '', '2018-08-24 08:34:42', '2018-08-24 08:34:42'),
(7, 44, 141, '17', '2', '', '2018-08-24 08:34:42', '2018-08-24 08:34:42'),
(10, 43, 142, '23', '1', '', '2018-08-27 14:03:44', '2018-08-27 14:03:44'),
(11, 43, 142, '24', '1', '', '2018-08-27 14:03:44', '2018-08-27 14:03:44'),
(12, 43, 140, '12', '1', '', '2018-08-29 06:51:08', '2018-08-29 06:51:08'),
(13, 43, 140, '11', '1', '', '2018-08-29 06:51:08', '2018-08-29 06:51:08'),
(14, 43, 140, '22', '1', '', '2018-08-29 06:51:08', '2018-08-29 06:51:08'),
(15, 46, 145, '36', '1,4', '', '2018-08-31 15:55:34', '2018-08-31 15:55:34'),
(16, 48, 147, '24', '4', '', '2018-09-05 07:35:46', '2018-09-05 07:35:46'),
(17, 2, 148, '37', '2', '', '2018-09-05 07:39:16', '2018-09-05 07:39:16'),
(18, 2, 148, '35', '2', '', '2018-09-05 07:39:16', '2018-09-05 07:39:16'),
(20, 2, 149, '37', '4', '', '2018-09-05 07:42:55', '2018-09-05 07:42:55'),
(22, 49, 151, '24', '1,4', '', '2018-09-05 07:50:33', '2018-09-05 07:50:33'),
(23, 24, 154, '17', '1', '', '2018-09-15 15:55:12', '2018-09-15 15:55:12'),
(24, 48, 155, '24', '5', '', '2018-09-15 18:33:34', '2018-09-15 18:33:34'),
(25, 44, 156, '11', '1', '', '2018-09-17 07:45:42', '2018-09-17 07:45:42'),
(26, 44, 156, '21', '1', '', '2018-09-17 07:45:42', '2018-09-17 07:45:42'),
(27, 44, 156, '12', '1', '', '2018-09-17 07:45:42', '2018-09-17 07:45:42'),
(28, 41, 157, '12', '1', '', '2018-09-17 15:05:16', '2018-09-17 15:05:16'),
(29, 50, 159, '12', '2', '', '2018-09-18 08:51:25', '2018-09-18 08:51:25'),
(30, 50, 159, '22', '2', '', '2018-09-18 08:51:25', '2018-09-18 08:51:25'),
(31, 50, 159, '23', '2', '', '2018-09-18 08:51:25', '2018-09-18 08:51:25'),
(32, 41, 160, '13', '4', '', '2018-09-19 08:53:21', '2018-09-19 08:53:21'),
(34, 51, 161, '15', '4', '', '2018-09-19 10:56:51', '2018-09-19 10:56:51'),
(35, 50, 162, '12', '4', '', '2018-09-21 08:20:00', '2018-09-21 08:20:00'),
(36, 50, 163, '22', '4', '', '2018-09-24 07:59:53', '2018-09-24 07:59:53'),
(39, 50, 166, '24', '2', '', '2018-10-22 14:57:22', '2018-10-22 14:57:22'),
(40, 43, 167, '23', '1', '', '2018-10-24 13:06:24', '2018-10-24 13:06:24'),
(41, 52, 168, '46', '1', '', '2018-10-26 14:40:45', '2018-10-26 14:40:45'),
(42, 52, 168, '47', '1', '', '2018-10-26 14:40:46', '2018-10-26 14:40:46'),
(44, 52, 165, '25', '4', '', '2018-10-26 14:43:42', '2018-10-26 14:43:42');

-- --------------------------------------------------------

--
-- Table structure for table `users`
--

CREATE TABLE `users` (
  `id` int(10) UNSIGNED NOT NULL,
  `username` varchar(191) COLLATE utf8mb4_unicode_ci NOT NULL,
  `email` varchar(191) COLLATE utf8mb4_unicode_ci NOT NULL,
  `type` varchar(255) COLLATE utf8mb4_unicode_ci DEFAULT NULL,
  `password` varchar(191) COLLATE utf8mb4_unicode_ci NOT NULL,
  `remember_token` varchar(100) COLLATE utf8mb4_unicode_ci DEFAULT NULL,
  `created_at` timestamp NULL DEFAULT NULL,
  `updated_at` timestamp NULL DEFAULT NULL
) ENGINE=InnoDB DEFAULT CHARSET=utf8mb4 COLLATE=utf8mb4_unicode_ci;

--
-- Dumping data for table `users`
--

INSERT INTO `users` (`id`, `username`, `email`, `type`, `password`, `remember_token`, `created_at`, `updated_at`) VALUES
(1, 'admin', '', NULL, '$2y$10$xl74v0.ThP6rRdGqwPe/7.Iuy2vhOOwQHSqFLdy3kkl2/Q/RPY.T2', 'Qv3WamkfbRaHgjNi83yjVbvwipD54KlCCXbOWt7utFslNjTRLxCHnxKPWV9P', NULL, NULL);

--
-- Indexes for dumped tables
--

--
-- Indexes for table `den_customers`
--
ALTER TABLE `den_customers`
  ADD PRIMARY KEY (`id`);

--
-- Indexes for table `den_schedule`
--
ALTER TABLE `den_schedule`
  ADD PRIMARY KEY (`id`),
  ADD KEY `den_schedule_customer_id_foreign` (`customer_id`);

--
-- Indexes for table `den_visit`
--
ALTER TABLE `den_visit`
  ADD PRIMARY KEY (`id`),
  ADD KEY `den_visit_customer_id_foreign` (`customer_id`),
  ADD KEY `created_at` (`created_at`);

--
-- Indexes for table `factures`
--
ALTER TABLE `factures`
  ADD PRIMARY KEY (`id`),
  ADD KEY `created_at` (`created_at`);

--
-- Indexes for table `fm_cms_menu`
--
ALTER TABLE `fm_cms_menu`
  ADD PRIMARY KEY (`id`);

--
-- Indexes for table `fm_userinfo`
--
ALTER TABLE `fm_userinfo`
  ADD PRIMARY KEY (`id`),
  ADD UNIQUE KEY `fm_userinfo_f_name_unique` (`f_name`),
  ADD KEY `fm_userinfo_user_id_foreign` (`user_id`);

--
-- Indexes for table `fm_users`
--
ALTER TABLE `fm_users`
  ADD PRIMARY KEY (`id`),
  ADD UNIQUE KEY `fm_users_email_unique` (`email`);

--
-- Indexes for table `images`
--
ALTER TABLE `images`
  ADD PRIMARY KEY (`id`);

--
-- Indexes for table `menu`
--
ALTER TABLE `menu`
  ADD PRIMARY KEY (`id`);

--
-- Indexes for table `menu_i18`
--
ALTER TABLE `menu_i18`
  ADD PRIMARY KEY (`id`);

--
-- Indexes for table `operations`
--
ALTER TABLE `operations`
  ADD PRIMARY KEY (`id`);

--
-- Indexes for table `operation_visit`
--
ALTER TABLE `operation_visit`
  ADD PRIMARY KEY (`id`);

--
-- Indexes for table `st_companies`
--
ALTER TABLE `st_companies`
  ADD PRIMARY KEY (`id`);

--
-- Indexes for table `st_fees`
--
ALTER TABLE `st_fees`
  ADD PRIMARY KEY (`id`),
  ADD KEY `st_fees_companies_id_foreign` (`companies_id`);

--
-- Indexes for table `st_items`
--
ALTER TABLE `st_items`
  ADD PRIMARY KEY (`id`);

--
-- Indexes for table `tooth_note`
--
ALTER TABLE `tooth_note`
  ADD PRIMARY KEY (`id`);

--
-- Indexes for table `users`
--
ALTER TABLE `users`
  ADD PRIMARY KEY (`id`),
  ADD UNIQUE KEY `users_email_unique` (`email`);

--
-- AUTO_INCREMENT for dumped tables
--

--
-- AUTO_INCREMENT for table `den_customers`
--
ALTER TABLE `den_customers`
  MODIFY `id` int(10) UNSIGNED NOT NULL AUTO_INCREMENT, AUTO_INCREMENT=55;

--
-- AUTO_INCREMENT for table `den_schedule`
--
ALTER TABLE `den_schedule`
  MODIFY `id` int(10) UNSIGNED NOT NULL AUTO_INCREMENT, AUTO_INCREMENT=4;

--
-- AUTO_INCREMENT for table `den_visit`
--
ALTER TABLE `den_visit`
  MODIFY `id` int(10) UNSIGNED NOT NULL AUTO_INCREMENT, AUTO_INCREMENT=171;

--
-- AUTO_INCREMENT for table `factures`
--
ALTER TABLE `factures`
  MODIFY `id` int(11) NOT NULL AUTO_INCREMENT, AUTO_INCREMENT=114;

--
-- AUTO_INCREMENT for table `fm_cms_menu`
--
ALTER TABLE `fm_cms_menu`
  MODIFY `id` int(10) UNSIGNED NOT NULL AUTO_INCREMENT, AUTO_INCREMENT=5;

--
-- AUTO_INCREMENT for table `fm_userinfo`
--
ALTER TABLE `fm_userinfo`
  MODIFY `id` int(10) UNSIGNED NOT NULL AUTO_INCREMENT, AUTO_INCREMENT=2;

--
-- AUTO_INCREMENT for table `fm_users`
--
ALTER TABLE `fm_users`
  MODIFY `id` int(10) UNSIGNED NOT NULL AUTO_INCREMENT, AUTO_INCREMENT=2;

--
-- AUTO_INCREMENT for table `images`
--
ALTER TABLE `images`
  MODIFY `id` int(11) NOT NULL AUTO_INCREMENT;

--
-- AUTO_INCREMENT for table `menu`
--
ALTER TABLE `menu`
  MODIFY `id` int(11) NOT NULL AUTO_INCREMENT, AUTO_INCREMENT=14;

--
-- AUTO_INCREMENT for table `menu_i18`
--
ALTER TABLE `menu_i18`
  MODIFY `id` int(11) NOT NULL AUTO_INCREMENT, AUTO_INCREMENT=14;

--
-- AUTO_INCREMENT for table `operations`
--
ALTER TABLE `operations`
  MODIFY `id` int(11) NOT NULL AUTO_INCREMENT, AUTO_INCREMENT=8;

--
-- AUTO_INCREMENT for table `operation_visit`
--
ALTER TABLE `operation_visit`
  MODIFY `id` int(11) NOT NULL AUTO_INCREMENT, AUTO_INCREMENT=59;

--
-- AUTO_INCREMENT for table `st_companies`
--
ALTER TABLE `st_companies`
  MODIFY `id` int(10) UNSIGNED NOT NULL AUTO_INCREMENT;

--
-- AUTO_INCREMENT for table `st_fees`
--
ALTER TABLE `st_fees`
  MODIFY `id` int(10) UNSIGNED NOT NULL AUTO_INCREMENT;

--
-- AUTO_INCREMENT for table `st_items`
--
ALTER TABLE `st_items`
  MODIFY `id` int(10) UNSIGNED NOT NULL AUTO_INCREMENT;

--
-- AUTO_INCREMENT for table `tooth_note`
--
ALTER TABLE `tooth_note`
  MODIFY `id` int(11) NOT NULL AUTO_INCREMENT, AUTO_INCREMENT=45;

--
-- AUTO_INCREMENT for table `users`
--
ALTER TABLE `users`
  MODIFY `id` int(10) UNSIGNED NOT NULL AUTO_INCREMENT, AUTO_INCREMENT=2;

--
-- Constraints for dumped tables
--

--
-- Constraints for table `den_schedule`
--
ALTER TABLE `den_schedule`
  ADD CONSTRAINT `den_schedule_customer_id_foreign` FOREIGN KEY (`customer_id`) REFERENCES `den_customers` (`id`) ON DELETE CASCADE ON UPDATE CASCADE;

--
-- Constraints for table `den_visit`
--
ALTER TABLE `den_visit`
  ADD CONSTRAINT `den_visit_customer_id_foreign` FOREIGN KEY (`customer_id`) REFERENCES `den_customers` (`id`) ON DELETE CASCADE ON UPDATE CASCADE;

--
-- Constraints for table `fm_userinfo`
--
ALTER TABLE `fm_userinfo`
  ADD CONSTRAINT `fm_userinfo_user_id_foreign` FOREIGN KEY (`user_id`) REFERENCES `fm_users` (`id`) ON DELETE CASCADE ON UPDATE CASCADE;

--
-- Constraints for table `st_fees`
--
ALTER TABLE `st_fees`
  ADD CONSTRAINT `st_fees_companies_id_foreign` FOREIGN KEY (`companies_id`) REFERENCES `st_companies` (`id`) ON DELETE CASCADE ON UPDATE CASCADE;
COMMIT;

/*!40101 SET CHARACTER_SET_CLIENT=@OLD_CHARACTER_SET_CLIENT */;
/*!40101 SET CHARACTER_SET_RESULTS=@OLD_CHARACTER_SET_RESULTS */;
/*!40101 SET COLLATION_CONNECTION=@OLD_COLLATION_CONNECTION */;
